promo_code,discount_type,discount_value,min_order_value,valid_from,valid_to,applicable_stores
FRESH50,PERCENT,50,800,18-05-2026,28-06-2026,ALL
SAVE20,PERCENT,20,300,18-05-2026,28-06-2026,ALL
FLAT75,FLAT,75,450,25-05-2026,28-06-2026,ALL
NEW100,FLAT,100,600,18-05-2026,14-06-2026,ALL
WEEKEND15,PERCENT,15,250,18-05-2026,28-06-2026,ALL
CITY150,FLAT,150,900,01-06-2026,28-06-2026,S01
CITY150,FLAT,150,900,01-06-2026,28-06-2026,S02
CITY150,FLAT,150,900,01-06-2026,28-06-2026,S06
CITY150,FLAT,150,900,01-06-2026,28-06-2026,S10
