store_id,day_of_week,open_time,close_time
S01,Monday,7.00.00 AM,11.00.00 PM
S01,Tuesday,7.00.00 AM,11.00.00 PM
S01,Wednesday,7.00.00 AM,11.00.00 PM
S01,Thursday,7.00.00 AM,11.00.00 PM
S01,Friday,7.00.00 AM,11.00.00 PM
S01,Saturday,6.30.00 AM,11.30.00 PM
S01,Sunday,6.30.00 AM,11.30.00 PM
S02,Monday,7.00.00 AM,11.00.00 PM
S02,Tuesday,7.00.00 AM,11.00.00 PM
S02,Wednesday,7.00.00 AM,11.00.00 PM
S02,Thursday,7.00.00 AM,11.00.00 PM
S02,Friday,7.00.00 AM,11.00.00 PM
S02,Saturday,6.30.00 AM,11.30.00 PM
S02,Sunday,6.30.00 AM,11.30.00 PM
S03,Monday,7.00.00 AM,11.00.00 PM
S03,Tuesday,7.00.00 AM,11.00.00 PM
S03,Wednesday,7.00.00 AM,11.00.00 PM
S03,Thursday,7.00.00 AM,11.00.00 PM
S03,Friday,7.00.00 AM,11.00.00 PM
S03,Saturday,6.30.00 AM,11.30.00 PM
S03,Sunday,6.30.00 AM,11.30.00 PM
S04,Monday,7.00.00 AM,11.00.00 PM
S04,Tuesday,7.00.00 AM,11.00.00 PM
S04,Wednesday,7.00.00 AM,11.00.00 PM
S04,Thursday,7.00.00 AM,11.00.00 PM
S04,Friday,7.00.00 AM,11.00.00 PM
S04,Saturday,6.30.00 AM,11.30.00 PM
S04,Sunday,6.30.00 AM,11.30.00 PM
S05,Monday,7.00.00 AM,11.00.00 PM
S05,Thursday,7.00.00 AM,11.00.00 PM
S05,Friday,7.00.00 AM,11.00.00 PM
S05,Saturday,6.30.00 AM,11.30.00 PM
S05,Sunday,6.30.00 AM,11.30.00 PM
S06,Monday,7.00.00 AM,11.00.00 PM
S06,Tuesday,7.00.00 AM,11.00.00 PM
S06,Wednesday,7.00.00 AM,11.00.00 PM
S06,Thursday,7.00.00 AM,11.00.00 PM
S06,Friday,7.00.00 AM,11.00.00 PM
S06,Saturday,6.30.00 AM,11.30.00 PM
S06,Sunday,6.30.00 AM,11.30.00 PM
S07,Monday,7.00.00 AM,11.00.00 PM
S07,Tuesday,7.00.00 AM,11.00.00 PM
S07,Wednesday,7.00.00 AM,11.00.00 PM
S07,Thursday,7.00.00 AM,11.00.00 PM
S07,Friday,7.00.00 AM,11.00.00 PM
S07,Saturday,6.30.00 AM,11.30.00 PM
S07,Sunday,6.30.00 AM,11.30.00 PM
S08,Monday,7.00.00 AM,11.00.00 PM
S08,Tuesday,7.00.00 AM,11.00.00 PM
S08,Wednesday,7.00.00 AM,11.00.00 PM
S08,Thursday,7.00.00 AM,11.00.00 PM
S08,Friday,7.00.00 AM,11.00.00 PM
S08,Saturday,6.30.00 AM,11.30.00 PM
S08,Sunday,6.30.00 AM,11.30.00 PM
S09,Monday,7.00.00 AM,11.00.00 PM
S09,Tuesday,7.00.00 AM,11.00.00 PM
S09,Wednesday,7.00.00 AM,11.00.00 PM
S09,Thursday,7.00.00 AM,11.00.00 PM
S09,Friday,7.00.00 AM,11.00.00 PM
S09,Saturday,6.30.00 AM,11.30.00 PM
S09,Sunday,6.30.00 AM,11.30.00 PM
S10,Monday,7.00.00 AM,11.00.00 PM
S10,Tuesday,7.00.00 AM,11.00.00 PM
S10,Wednesday,7.00.00 AM,11.00.00 PM
S10,Thursday,7.00.00 AM,11.00.00 PM
S10,Friday,7.00.00 AM,11.00.00 PM
S10,Saturday,6.30.00 AM,11.30.00 PM
